,orig_idx,DateCourse,Numéro -Voit_sched,sched_start,sched_end,Type,CodeLong,Ligne,Category,Numéro -Voit_actual,HSortieFenetreArretReal,TypeSens,time_diff
4211,88,2025-05-12,37 - 26,1900-01-01 07:01:00,1900-01-01 07:28:20,Régulier,PMAR01,33,Genève-Tours,33 - 26,1900-01-01 07:01:12,0,0 days 00:00:12
141,3,2025-05-12,33z - 17,1900-01-01 07:26:40,1900-01-01 07:44:00,Régulier,VAND02,33,Genève-Tours,33 - 17,1900-01-01 07:25:11,0,0 days 00:01:29
1920,41,2025-05-12,37 - 26,1900-01-01 07:33:40,1900-01-01 08:01:40,Régulier,RIVE04,33,Genève-Tours,33 - 26,1900-01-01 07:34:27,0,0 days 00:00:47
4026,85,2025-05-12,32 - 1,1900-01-01 07:43:40,1900-01-01 08:12:00,Régulier,PMAR01,33,Genève-Tours,33 - 1,1900-01-01 07:44:06,0,0 days 00:00:26
3931,83,2025-05-12,32 - 6,1900-01-01 08:14:00,1900-01-01 08:42:00,Régulier,PMAR01,33,Genève-Tours,33 - 6,1900-01-01 08:13:49,0,0 days 00:00:11
3820,80,2025-05-12,37 - 26,1900-01-01 08:58:40,1900-01-01 09:24:20,Régulier,PMAR01,33,Genève-Tours,33 - 26,1900-01-01 09:00:02,0,0 days 00:01:22
1696,37,2025-05-12,32 - 6,1900-01-01 09:00:00,1900-01-01 09:25:40,Régulier,RIVE04,33,Genève-Tours,33 - 6,1900-01-01 09:00:59,0,0 days 00:00:59
1686,36,2025-05-12,37 - 26,1900-01-01 09:31:20,1900-01-01 09:56:40,Régulier,RIVE04,33,Genève-Tours,33 - 26,1900-01-01 09:34:35,0,0 days 00:03:15
3638,77,2025-05-12,32 - 6,1900-01-01 10:15:40,1900-01-01 10:41:20,Régulier,PMAR01,33,Genève-Tours,33 - 6,1900-01-01 10:17:08,0,0 days 00:01:28
3622,76,2025-05-12,37 - 24,1900-01-01 10:46:40,1900-01-01 11:12:40,Régulier,PMAR01,33,Genève-Tours,33 - 24,1900-01-01 10:47:08,0,0 days 00:00:28
1509,33,2025-05-12,32 - 6,1900-01-01 11:01:40,1900-01-01 11:27:20,Régulier,RIVE04,33,Genève-Tours,33 - 6,1900-01-01 11:01:58,0,0 days 00:00:18
3576,75,2025-05-12,37 - 26,1900-01-01 11:15:40,1900-01-01 11:42:00,Régulier,PMAR01,33,Genève-Tours,33 - 26,1900-01-01 11:15:57,0,0 days 00:00:17
1452,31,2025-05-12,37 - 26,1900-01-01 12:01:40,1900-01-01 12:27:40,Régulier,RIVE04,33,Genève-Tours,33 - 26,1900-01-01 12:02:19,0,0 days 00:00:39
3440,73,2025-05-12,32 - 5,1900-01-01 12:16:40,1900-01-01 12:42:00,Régulier,PMAR01,33,Genève-Tours,33 - 5,1900-01-01 12:16:53,0,0 days 00:00:13
3390,72,2025-05-12,32 - 1,1900-01-01 12:39:40,1900-01-01 13:05:00,Régulier,PMAR01,33,Genève-Tours,33 - 1,1900-01-01 12:41:24,0,0 days 00:01:44
4465,93,2025-05-12,Az - 35,1900-01-01 13:01:00,1900-01-01 13:26:20,Régulier,PMAR01,33,Genève-Tours,33 - 35,1900-01-01 13:01:29,0,0 days 00:00:29
1319,29,2025-05-12,32 - 5,1900-01-01 13:01:40,1900-01-01 13:27:40,Régulier,RIVE04,33,Genève-Tours,33 - 5,1900-01-01 13:03:06,0,0 days 00:01:26
3332,70,2025-05-12,37 - 26,1900-01-01 13:46:20,1900-01-01 14:12:00,Régulier,PMAR01,33,Genève-Tours,33 - 26,1900-01-01 13:46:41,0,0 days 00:00:21
1218,26,2025-05-12,37 - 26,1900-01-01 14:31:40,1900-01-01 14:57:40,Régulier,RIVE04,33,Genève-Tours,33 - 26,1900-01-01 14:32:39,0,0 days 00:00:59
3090,65,2025-05-12,37 - 33,1900-01-01 16:13:40,1900-01-01 16:39:40,Régulier,PMAR01,33,Genève-Tours,33 - 33,1900-01-01 16:14:35,0,0 days 00:00:55
986,21,2025-05-12,38 - 55,1900-01-01 16:16:00,1900-01-01 16:44:20,Régulier,RIVE04,33,Genève-Tours,33 - 55,1900-01-01 16:17:41,0,0 days 00:01:41
890,19,2025-05-12,37 - 33,1900-01-01 16:46:40,1900-01-01 17:15:20,Régulier,RIVE04,33,Genève-Tours,33 - 33,1900-01-01 16:47:37,0,0 days 00:00:57
2798,59,2025-05-12,38 - 55,1900-01-01 17:43:40,1900-01-01 18:09:20,Régulier,PMAR01,33,Genève-Tours,33 - 55,1900-01-01 17:47:03,0,0 days 00:03:23
2699,57,2025-05-12,37 - 33,1900-01-01 18:13:40,1900-01-01 18:39:40,Régulier,PMAR01,33,Genève-Tours,33 - 33,1900-01-01 18:14:49,0,0 days 00:01:09
611,13,2025-05-12,38 - 55,1900-01-01 18:16:40,1900-01-01 18:45:40,Régulier,RIVE04,33,Genève-Tours,33 - 55,1900-01-01 18:18:03,0,0 days 00:01:23
515,11,2025-05-12,37 - 33,1900-01-01 18:47:40,1900-01-01 19:15:40,Régulier,RIVE04,33,Genève-Tours,33 - 33,1900-01-01 18:49:49,0,0 days 00:02:09
2353,50,2025-05-12,37 - 30,1900-01-01 20:44:20,1900-01-01 21:07:20,Régulier,PMAR01,33,Genève-Tours,33 - 30,1900-01-01 20:44:36,0,0 days 00:00:16
2207,47,2025-05-12,37 - 32,1900-01-01 23:14:20,1900-01-01 23:35:40,Régulier,PMAR01,33,Genève-Tours,33 - 32,1900-01-01 23:14:17,0,0 days 00:00:03
8551,183,2025-05-14,37 - 26,1900-01-01 07:01:00,1900-01-01 07:28:20,Régulier,PMAR01,33,Genève-Tours,33 - 26,1900-01-01 07:01:28,0,0 days 00:00:28
6354,136,2025-05-14,37 - 26,1900-01-01 07:33:40,1900-01-01 08:01:40,Régulier,RIVE04,33,Genève-Tours,33 - 26,1900-01-01 07:34:22,0,0 days 00:00:42
8372,180,2025-05-14,32 - 1,1900-01-01 07:43:40,1900-01-01 08:12:00,Régulier,PMAR01,33,Genève-Tours,33 - 1,1900-01-01 07:44:23,0,0 days 00:00:43
8281,178,2025-05-14,32 - 6,1900-01-01 08:14:00,1900-01-01 08:42:00,Régulier,PMAR01,33,Genève-Tours,33 - 6,1900-01-01 08:14:01,0,0 days 00:00:01
6226,134,2025-05-14,32 - 1,1900-01-01 08:16:40,1900-01-01 08:43:40,Régulier,RIVE04,33,Genève-Tours,33 - 1,1900-01-01 08:18:12,0,0 days 00:01:32
8176,175,2025-05-14,37 - 26,1900-01-01 08:58:40,1900-01-01 09:24:20,Régulier,PMAR01,33,Genève-Tours,33 - 26,1900-01-01 08:59:35,0,0 days 00:00:55
6138,132,2025-05-14,32 - 6,1900-01-01 09:00:00,1900-01-01 09:25:40,Régulier,RIVE04,33,Genève-Tours,33 - 6,1900-01-01 09:00:38,0,0 days 00:00:38
6130,131,2025-05-14,37 - 26,1900-01-01 09:31:20,1900-01-01 09:56:40,Régulier,RIVE04,33,Genève-Tours,33 - 26,1900-01-01 09:32:11,0,0 days 00:00:51
8000,172,2025-05-14,32 - 6,1900-01-01 10:15:40,1900-01-01 10:41:20,Régulier,PMAR01,33,Genève-Tours,33 - 6,1900-01-01 10:15:25,0,0 days 00:00:15
7986,171,2025-05-14,37 - 24,1900-01-01 10:46:40,1900-01-01 11:12:40,Régulier,PMAR01,33,Genève-Tours,33 - 24,1900-01-01 10:46:41,0,0 days 00:00:01
5959,128,2025-05-14,32 - 6,1900-01-01 11:01:40,1900-01-01 11:27:20,Régulier,RIVE04,33,Genève-Tours,33 - 6,1900-01-01 11:02:11,0,0 days 00:00:31
7942,170,2025-05-14,37 - 26,1900-01-01 11:15:40,1900-01-01 11:42:00,Régulier,PMAR01,33,Genève-Tours,33 - 26,1900-01-01 11:16:47,0,0 days 00:01:07
5948,127,2025-05-14,37 - 24,1900-01-01 11:31:40,1900-01-01 11:57:40,Régulier,RIVE04,33,Genève-Tours,33 - 24,1900-01-01 11:32:38,0,0 days 00:00:58
5906,126,2025-05-14,37 - 26,1900-01-01 12:01:40,1900-01-01 12:27:40,Régulier,RIVE04,33,Genève-Tours,33 - 26,1900-01-01 12:02:40,0,0 days 00:01:00
7810,168,2025-05-14,32 - 5,1900-01-01 12:16:40,1900-01-01 12:42:00,Régulier,PMAR01,33,Genève-Tours,33 - 5,1900-01-01 12:18:44,0,0 days 00:02:04
7762,167,2025-05-14,32 - 1,1900-01-01 12:39:40,1900-01-01 13:05:00,Régulier,PMAR01,33,Genève-Tours,33 - 1,1900-01-01 12:42:08,0,0 days 00:02:28
5777,124,2025-05-14,32 - 5,1900-01-01 13:01:40,1900-01-01 13:27:40,Régulier,RIVE04,33,Genève-Tours,33 - 5,1900-01-01 13:02:41,0,0 days 00:01:01
7759,166,2025-05-14,33 - 19,1900-01-01 13:11:40,1900-01-01 13:37:00,Régulier,PMAR01,33,Genève-Tours,33 - 35,1900-01-01 13:06:56,0,0 days 00:04:44
7708,165,2025-05-14,37 - 26,1900-01-01 13:46:20,1900-01-01 14:12:00,Régulier,PMAR01,33,Genève-Tours,33 - 26,1900-01-01 13:46:39,0,0 days 00:00:19
5682,121,2025-05-14,37 - 26,1900-01-01 14:31:40,1900-01-01 14:57:40,Régulier,RIVE04,33,Genève-Tours,33 - 26,1900-01-01 14:32:23,0,0 days 00:00:43
5458,116,2025-05-14,38 - 55,1900-01-01 16:16:00,1900-01-01 16:44:20,Régulier,RIVE04,33,Genève-Tours,33 - 55,1900-01-01 16:17:29,0,0 days 00:01:29
7194,154,2025-05-14,38 - 55,1900-01-01 17:43:40,1900-01-01 18:09:20,Régulier,PMAR01,33,Genève-Tours,33 - 55,1900-01-01 17:43:59,0,0 days 00:00:19
5099,108,2025-05-14,38 - 55,1900-01-01 18:16:40,1900-01-01 18:45:40,Régulier,RIVE04,33,Genève-Tours,33 - 55,1900-01-01 18:18:03,0,0 days 00:01:23
6769,145,2025-05-14,37 - 30,1900-01-01 20:44:20,1900-01-01 21:07:20,Régulier,PMAR01,33,Genève-Tours,33 - 30,1900-01-01 20:44:39,0,0 days 00:00:19
6629,142,2025-05-14,37 - 32,1900-01-01 23:14:20,1900-01-01 23:35:40,Régulier,PMAR01,33,Genève-Tours,33 - 32,1900-01-01 23:15:14,0,0 days 00:00:54
