DateCourse,Numéro -Voit_sched,sched_start,sched_end,Type,CodeLong,Ligne,Category,sched_start_ts,actual_exit_ts,Numéro -Voit_actual,TypeSens,voit_sched_only,voit_actual_only
2025-04-01,33 - 19,1900-01-01 17:58:40,1900-01-01 18:24:40,Régulier,PMAR01,33,Genève-Tours,2025-04-01 17:58:40,2025-04-01 17:59:00,33 - 2,0.0,19,2
2025-04-04,60 - 33,1900-01-01 19:13:00,1900-01-01 19:39:40,Régulier,CVIN03,60,Rdta,2025-04-04 19:13:00,2025-04-04 19:17:00,60 - 39,0.0,33,39
2025-04-07,L - 32,1900-01-01 13:02:00,1900-01-01 13:26:00,Régulier,ATEC02,L,ODIER,2025-04-07 13:02:00,2025-04-07 13:04:00,L - 7,0.0,32,7
2025-04-07,C9 - 42,1900-01-01 13:04:00,1900-01-01 13:23:40,Régulier,LULY04,C9,ODIER,2025-04-07 13:04:00,2025-04-07 13:04:00,C9 - 1,0.0,42,1
2025-04-07,C8 - 6,1900-01-01 13:35:00,1900-01-01 13:54:00,Régulier,CEBE01,C8,GLOBE,2025-04-07 13:35:00,2025-04-07 13:34:00,C8 - 4,0.0,6,4
2025-04-07,68 - 1,1900-01-01 19:07:00,1900-01-01 19:51:40,Régulier,BLDO04,68,GEM’BUS,2025-04-07 19:07:00,2025-04-07 19:07:00,68 - 17,0.0,1,17
2025-04-07,68 - 1,1900-01-01 20:05:00,1900-01-01 20:45:40,Régulier,VATH01,68,GEM’BUS,2025-04-07 20:05:00,2025-04-07 20:05:00,68 - 17,0.0,1,17
2025-04-07,68 - 1,1900-01-01 20:54:00,1900-01-01 21:36:20,Régulier,BLDO04,68,GEM’BUS,2025-04-07 20:54:00,2025-04-07 20:54:00,68 - 17,0.0,1,17
2025-04-07,68 - 1,1900-01-01 21:41:00,1900-01-01 22:20:20,Régulier,VATH01,68,GEM’BUS,2025-04-07 21:41:00,2025-04-07 21:41:00,68 - 17,0.0,1,17
2025-04-07,68 - 1,1900-01-01 22:26:00,1900-01-01 22:51:20,Régulier,BLDO04,68,GEM’BUS,2025-04-07 22:26:00,2025-04-07 22:26:00,68 - 17,0.0,1,17
2025-04-07,68 - 1,1900-01-01 23:21:00,1900-01-01 23:43:40,Régulier,JMON01,68,GEM’BUS,2025-04-07 23:21:00,2025-04-07 23:21:00,68 - 17,0.0,1,17
2025-04-07,68 - 1,1900-01-01 23:59:00,,Régulier,BLDO04,68,GEM’BUS,2025-04-07 23:59:00,2025-04-07 23:59:00,68 - 17,0.0,1,17
2025-04-11,C8 - 6,1900-01-01 13:35:00,1900-01-01 13:54:00,Régulier,CEBE01,C8,GLOBE,2025-04-11 13:35:00,2025-04-11 13:34:00,C8 - 4,0.0,6,4
2025-04-11,80 - 21,1900-01-01 16:07:00,1900-01-01 16:46:00,Régulier,SJSN04,80,GEM’BUS,2025-04-11 16:07:00,2025-04-11 16:02:00,80 - 5,0.0,21,5
2025-04-14,L - 31,1900-01-01 07:03:00,1900-01-01 07:37:00,Régulier,ATEC02,L,ODIER,2025-04-14 07:03:00,2025-04-14 06:59:00,L - 2,0.0,31,2
2025-04-14,L - 32,1900-01-01 13:02:00,1900-01-01 13:26:00,Régulier,ATEC02,L,ODIER,2025-04-14 13:02:00,2025-04-14 13:04:00,L - 7,0.0,32,7
2025-04-14,33 - 20,1900-01-01 15:47:40,1900-01-01 16:15:00,Régulier,RIVE04,33,Genève-Tours,2025-04-14 15:47:40,2025-04-14 15:49:00,33 - 2,0.0,20,2
2025-04-15,L - 31,1900-01-01 07:03:00,1900-01-01 07:37:00,Régulier,ATEC02,L,ODIER,2025-04-15 07:03:00,2025-04-15 06:59:00,L - 2,0.0,31,2
2025-04-15,L - 32,1900-01-01 13:02:00,1900-01-01 13:26:00,Régulier,ATEC02,L,ODIER,2025-04-15 13:02:00,2025-04-15 13:04:00,L - 7,0.0,32,7
2025-04-15,C8 - 6,1900-01-01 13:35:00,1900-01-01 13:54:00,Régulier,CEBE01,C8,GLOBE,2025-04-15 13:35:00,2025-04-15 13:34:00,C8 - 4,0.0,6,4
2025-04-15,C8 - 8,1900-01-01 16:42:00,1900-01-01 17:03:00,Régulier,CREN01,C8,GLOBE,2025-04-15 16:42:00,2025-04-15 16:41:00,C8 - 7,0.0,8,7
2025-04-17,60 - 33,1900-01-01 19:13:00,1900-01-01 19:39:40,Régulier,CVIN03,60,Rdta,2025-04-17 19:13:00,2025-04-17 19:17:00,60 - 39,0.0,33,39
2025-04-19,74 - 5,1900-01-01 23:48:40,,Régulier,RUSS00,74,GLOBE,2025-04-19 23:48:40,2025-04-19 23:48:00,74 - 1,0.0,5,1
2025-04-22,80 - 12,1900-01-01 06:59:00,1900-01-01 07:40:00,Régulier,SJSN04,80,GEM’BUS,2025-04-22 06:59:00,2025-04-22 06:54:00,80 - 11,0.0,12,11
2025-04-24,80 - 7,1900-01-01 06:19:00,1900-01-01 06:54:40,Régulier,SJSN04,80,GEM’BUS,2025-04-24 06:19:00,2025-04-24 06:24:00,80 - 8,0.0,7,8
2025-04-25,33z - 20,1900-01-01 12:34:40,1900-01-01 12:59:00,Régulier,RIVE04,33,Genève-Tours,2025-04-25 12:34:40,2025-04-25 12:34:00,33 - 2,0.0,20,2
2025-04-28,80 - 12,1900-01-01 06:59:00,1900-01-01 07:40:00,Régulier,SJSN04,80,GEM’BUS,2025-04-28 06:59:00,2025-04-28 06:54:00,80 - 11,0.0,12,11
2025-05-01,72 - 1,1900-01-01 07:35:00,1900-01-01 07:55:40,Régulier,SYGA00,72,GLOBE,2025-05-01 07:35:00,2025-05-01 07:35:00,72 - 3,0.0,1,3
2025-05-01,72 - 1,1900-01-01 08:05:00,1900-01-01 08:25:00,Régulier,SYGA00,72,GLOBE,2025-05-01 08:05:00,2025-05-01 08:05:00,72 - 3,0.0,1,3
2025-05-01,72 - 1,1900-01-01 08:35:00,1900-01-01 08:55:00,Régulier,SYGA00,72,GLOBE,2025-05-01 08:35:00,2025-05-01 08:35:00,72 - 3,0.0,1,3
2025-05-01,72 - 1,1900-01-01 09:05:00,1900-01-01 09:25:00,Régulier,SYGA00,72,GLOBE,2025-05-01 09:05:00,2025-05-01 09:05:00,72 - 3,0.0,1,3
2025-05-01,72 - 1,1900-01-01 09:35:00,1900-01-01 09:55:00,Régulier,SYGA00,72,GLOBE,2025-05-01 09:35:00,2025-05-01 09:35:00,72 - 3,0.0,1,3
2025-05-01,72 - 1,1900-01-01 10:05:00,1900-01-01 10:25:00,Régulier,SYGA00,72,GLOBE,2025-05-01 10:05:00,2025-05-01 10:05:00,72 - 3,0.0,1,3
2025-05-01,72 - 1,1900-01-01 10:35:00,1900-01-01 10:55:00,Régulier,SYGA00,72,GLOBE,2025-05-01 10:35:00,2025-05-01 10:35:00,72 - 3,0.0,1,3
2025-05-01,72 - 1,1900-01-01 11:05:00,1900-01-01 11:25:20,Régulier,SYGA00,72,GLOBE,2025-05-01 11:05:00,2025-05-01 11:05:00,72 - 3,0.0,1,3
2025-05-01,72 - 1,1900-01-01 11:35:00,1900-01-01 11:55:20,Régulier,SYGA00,72,GLOBE,2025-05-01 11:35:00,2025-05-01 11:35:00,72 - 3,0.0,1,3
2025-05-01,72 - 1,1900-01-01 12:05:00,1900-01-01 12:25:40,Régulier,SYGA00,72,GLOBE,2025-05-01 12:05:00,2025-05-01 12:05:00,72 - 3,0.0,1,3
2025-05-01,72 - 1,1900-01-01 12:35:00,1900-01-01 12:55:40,Régulier,SYGA00,72,GLOBE,2025-05-01 12:35:00,2025-05-01 12:35:00,72 - 3,0.0,1,3
2025-05-04,33 - 5,1900-01-01 07:07:20,1900-01-01 07:26:00,Régulier,PLEV04,33,Genève-Tours,2025-05-04 07:07:20,2025-05-04 07:07:00,33 - 7,0.0,5,7
2025-05-04,33 - 5,1900-01-01 07:27:40,1900-01-01 07:43:20,Régulier,PMAR00,31,Genève-Tours,2025-05-04 07:27:40,2025-05-04 07:27:00,31 - 7,0.0,5,7
2025-05-04,33 - 5,1900-01-01 07:53:40,1900-01-01 08:11:00,Régulier,PRSM00,31,Genève-Tours,2025-05-04 07:53:40,2025-05-04 07:53:00,31 - 7,0.0,5,7
2025-05-04,33 - 5,1900-01-01 08:12:20,1900-01-01 08:32:00,Régulier,PMAR01,33,Genève-Tours,2025-05-04 08:12:20,2025-05-04 08:12:00,33 - 7,0.0,5,7
2025-05-04,33 - 5,1900-01-01 09:05:20,1900-01-01 09:26:00,Régulier,PLEV04,33,Genève-Tours,2025-05-04 09:05:20,2025-05-04 09:05:00,33 - 7,0.0,5,7
2025-05-04,33 - 5,1900-01-01 09:26:40,1900-01-01 09:42:40,Régulier,PMAR00,31,Genève-Tours,2025-05-04 09:26:40,2025-05-04 09:26:00,31 - 7,0.0,5,7
2025-05-04,33 - 5,1900-01-01 09:54:40,1900-01-01 10:12:20,Régulier,PRSM00,31,Genève-Tours,2025-05-04 09:54:40,2025-05-04 09:54:00,31 - 7,0.0,5,7
2025-05-04,33 - 5,1900-01-01 10:13:00,1900-01-01 10:34:00,Régulier,PMAR01,33,Genève-Tours,2025-05-04 10:13:00,2025-05-04 10:13:00,33 - 7,0.0,5,7
2025-05-04,33 - 5,1900-01-01 11:03:20,1900-01-01 11:24:40,Régulier,PLEV04,33,Genève-Tours,2025-05-04 11:03:20,2025-05-04 11:03:00,33 - 7,0.0,5,7
2025-05-04,33 - 5,1900-01-01 11:25:40,1900-01-01 11:44:00,Régulier,PMAR00,31,Genève-Tours,2025-05-04 11:25:40,2025-05-04 11:25:00,31 - 7,0.0,5,7
2025-05-04,33 - 5,1900-01-01 11:54:40,1900-01-01 12:13:00,Régulier,PRSM00,31,Genève-Tours,2025-05-04 11:54:40,2025-05-04 11:54:00,31 - 7,0.0,5,7
2025-05-04,33 - 5,1900-01-01 12:13:40,1900-01-01 12:35:20,Régulier,PMAR01,33,Genève-Tours,2025-05-04 12:13:40,2025-05-04 12:13:00,33 - 7,0.0,5,7
2025-05-04,33 - 5,1900-01-01 13:02:20,1900-01-01 13:25:00,Régulier,PLEV04,33,Genève-Tours,2025-05-04 13:02:20,2025-05-04 13:02:00,33 - 7,0.0,5,7
2025-05-04,33 - 5,1900-01-01 13:25:40,1900-01-01 13:43:00,Régulier,PMAR00,31,Genève-Tours,2025-05-04 13:25:40,2025-05-04 13:25:00,31 - 7,0.0,5,7
2025-05-04,33 - 5,1900-01-01 13:54:40,1900-01-01 14:13:40,Régulier,PRSM00,31,Genève-Tours,2025-05-04 13:54:40,2025-05-04 13:54:00,31 - 7,0.0,5,7
2025-05-04,33 - 5,1900-01-01 14:15:00,1900-01-01 14:37:00,Régulier,PMAR01,33,Genève-Tours,2025-05-04 14:15:00,2025-05-04 14:15:00,33 - 7,0.0,5,7
2025-05-04,33 - 5,1900-01-01 15:04:00,1900-01-01 15:26:40,Régulier,PLEV04,33,Genève-Tours,2025-05-04 15:04:00,2025-05-04 15:04:00,33 - 7,0.0,5,7
2025-05-04,33 - 5,1900-01-01 15:27:40,1900-01-01 15:46:20,Régulier,PMAR00,31,Genève-Tours,2025-05-04 15:27:40,2025-05-04 15:27:00,31 - 7,0.0,5,7
2025-05-04,33 - 5,1900-01-01 15:54:40,1900-01-01 16:14:00,Régulier,PRSM00,31,Genève-Tours,2025-05-04 15:54:40,2025-05-04 15:54:00,31 - 7,0.0,5,7
2025-05-04,33 - 5,1900-01-01 16:15:20,1900-01-01 16:37:20,Régulier,PMAR01,33,Genève-Tours,2025-05-04 16:15:20,2025-05-04 16:15:00,33 - 7,0.0,5,7
2025-05-04,33 - 5,1900-01-01 17:04:00,1900-01-01 17:26:20,Régulier,PLEV04,33,Genève-Tours,2025-05-04 17:04:00,2025-05-04 17:04:00,33 - 7,0.0,5,7
2025-05-04,33 - 5,1900-01-01 17:27:40,1900-01-01 17:46:00,Régulier,PMAR00,31,Genève-Tours,2025-05-04 17:27:40,2025-05-04 17:27:00,31 - 7,0.0,5,7
2025-05-04,33 - 5,1900-01-01 17:54:40,1900-01-01 18:13:40,Régulier,PRSM00,31,Genève-Tours,2025-05-04 17:54:40,2025-05-04 17:54:00,31 - 7,0.0,5,7
2025-05-04,33 - 5,1900-01-01 18:15:00,1900-01-01 18:36:40,Régulier,PMAR01,33,Genève-Tours,2025-05-04 18:15:00,2025-05-04 18:15:00,33 - 7,0.0,5,7
2025-05-04,33 - 5,1900-01-01 19:04:20,1900-01-01 19:27:00,Régulier,PLEV04,33,Genève-Tours,2025-05-04 19:04:20,2025-05-04 19:04:00,33 - 7,0.0,5,7
2025-05-04,33 - 5,1900-01-01 19:27:40,1900-01-01 19:45:20,Régulier,PMAR00,31,Genève-Tours,2025-05-04 19:27:40,2025-05-04 19:27:00,31 - 7,0.0,5,7
2025-05-04,33 - 5,1900-01-01 19:54:00,1900-01-01 20:12:40,Régulier,PRSM00,31,Genève-Tours,2025-05-04 19:54:00,2025-05-04 19:54:00,31 - 7,0.0,5,7
2025-05-04,33 - 5,1900-01-01 20:14:20,1900-01-01 20:35:00,Régulier,PMAR01,33,Genève-Tours,2025-05-04 20:14:20,2025-05-04 20:14:00,33 - 7,0.0,5,7
2025-05-04,33 - 5,1900-01-01 21:07:00,1900-01-01 21:27:40,Régulier,PLEV04,33,Genève-Tours,2025-05-04 21:07:00,2025-05-04 21:07:00,33 - 7,0.0,5,7
2025-05-04,33 - 5,1900-01-01 21:29:20,1900-01-01 21:45:20,Régulier,PMAR00,31,Genève-Tours,2025-05-04 21:29:20,2025-05-04 21:29:00,31 - 7,0.0,5,7
2025-05-04,33 - 5,1900-01-01 22:22:00,1900-01-01 22:43:00,Régulier,PRSM05,37,Genève-Tours,2025-05-04 22:22:00,2025-05-04 22:22:00,37 - 9,0.0,5,9
2025-05-04,33 - 5,1900-01-01 22:54:00,1900-01-01 23:16:00,Régulier,LULI00,37,Genève-Tours,2025-05-04 22:54:00,2025-05-04 22:54:00,37 - 9,0.0,5,9
2025-05-04,33 - 5,1900-01-01 23:22:00,1900-01-01 23:43:00,Régulier,PRSM05,37,Genève-Tours,2025-05-04 23:22:00,2025-05-04 23:22:00,37 - 9,0.0,5,9
2025-05-04,33 - 5,1900-01-01 23:54:00,,Régulier,LULI00,37,Genève-Tours,2025-05-04 23:54:00,2025-05-04 23:54:00,37 - 9,0.0,5,9
2025-05-05,80 - 11,1900-01-01 06:54:00,1900-01-01 07:35:00,Régulier,SJSN04,80,GEM’BUS,2025-05-05 06:54:00,2025-05-05 06:59:00,80 - 12,0.0,11,12
2025-05-08,67 - 2,1900-01-01 06:55:00,1900-01-01 07:31:40,Régulier,GRVI03,67,GLOBE,2025-05-08 06:55:00,2025-05-08 06:55:00,67 - 7,0.0,2,7
2025-05-08,67 - 2,1900-01-01 07:42:00,1900-01-01 08:26:20,Régulier,CROE00,67,GLOBE,2025-05-08 07:42:00,2025-05-08 07:42:00,67 - 7,0.0,2,7
2025-05-08,67 - 2,1900-01-01 08:40:00,1900-01-01 09:17:40,Régulier,GRVI03,67,GLOBE,2025-05-08 08:40:00,2025-05-08 08:40:00,67 - 7,0.0,2,7
2025-05-08,67 - 2,1900-01-01 09:33:00,1900-01-01 10:12:00,Régulier,CROE00,67,GLOBE,2025-05-08 09:33:00,2025-05-08 09:33:00,67 - 7,0.0,2,7
2025-05-08,C8 - 6,1900-01-01 13:35:00,1900-01-01 13:54:00,Régulier,CEBE01,C8,GLOBE,2025-05-08 13:35:00,2025-05-08 13:34:00,C8 - 4,0.0,6,4
2025-05-08,60 - 33,1900-01-01 19:13:00,1900-01-01 19:39:40,Régulier,CVIN03,60,Rdta,2025-05-08 19:13:00,2025-05-08 19:17:00,60 - 39,0.0,33,39
2025-05-09,51 - 94,1900-01-01 16:40:00,1900-01-01 16:56:40,Régulier,CREN00,51,GLOBE,2025-05-09 16:40:00,2025-05-09 16:38:00,51 - 1,0.0,94,1
2025-05-10,59 - 1,1900-01-01 08:31:00,1900-01-01 08:50:00,Régulier,AERO02,59,GLOBE,2025-05-10 08:31:00,2025-05-10 08:31:00,59 - 3,0.0,1,3
2025-05-10,59 - 1,1900-01-01 08:55:00,1900-01-01 09:12:40,Régulier,LEVE00,59,GLOBE,2025-05-10 08:55:00,2025-05-10 08:55:00,59 - 3,0.0,1,3
2025-05-12,60 - 9,1900-01-01 07:28:00,1900-01-01 08:19:00,Régulier,CVIN03,60,Rdta,2025-05-12 07:28:00,2025-05-12 07:33:00,60 - 10,0.0,9,10
2025-05-13,L - 32,1900-01-01 13:02:00,1900-01-01 13:26:00,Régulier,ATEC02,L,ODIER,2025-05-13 13:02:00,2025-05-13 13:04:00,L - 7,0.0,32,7
2025-05-16,51 - 1,1900-01-01 16:38:00,1900-01-01 17:15:00,Régulier,CREN00,51,GLOBE,2025-05-16 16:38:00,2025-05-16 16:40:00,51 - 94,0.0,1,94
2025-05-16,28 - 1,1900-01-01 16:48:00,1900-01-01 17:18:40,Régulier,ESRT06,28,GLOBE,2025-05-16 16:48:00,2025-05-16 16:48:00,28 - 7,0.0,1,7
2025-05-16,28 - 5,1900-01-01 17:07:00,1900-01-01 17:37:40,Régulier,ESRT06,28,GLOBE,2025-05-16 17:07:00,2025-05-16 17:05:00,28 - 8,0.0,5,8
2025-05-16,28 - 3,1900-01-01 17:38:00,1900-01-01 18:08:00,Régulier,ESRT06,28,GLOBE,2025-05-16 17:38:00,2025-05-16 17:40:00,28 - 7,0.0,3,7
2025-05-19,L - 32,1900-01-01 13:02:00,1900-01-01 13:26:00,Régulier,ATEC02,L,ODIER,2025-05-19 13:02:00,2025-05-19 13:04:00,L - 7,0.0,32,7
2025-05-19,C8 - 6,1900-01-01 13:35:00,1900-01-01 13:54:00,Régulier,CEBE01,C8,GLOBE,2025-05-19 13:35:00,2025-05-19 13:34:00,C8 - 4,0.0,6,4
2025-05-19,51 - 1,1900-01-01 16:38:00,1900-01-01 17:15:00,Régulier,CREN00,51,GLOBE,2025-05-19 16:38:00,2025-05-19 16:40:00,51 - 8,0.0,1,8
2025-05-20,C8 - 6,1900-01-01 13:35:00,1900-01-01 13:54:00,Régulier,CEBE01,C8,GLOBE,2025-05-20 13:35:00,2025-05-20 13:34:00,C8 - 4,0.0,6,4
2025-05-22,80 - 10,1900-01-01 09:03:00,1900-01-01 09:37:20,Régulier,BAIR07,80,GEM’BUS,2025-05-22 09:03:00,2025-05-22 09:08:00,80 - 3,0.0,10,3
2025-05-22,C8 - 6,1900-01-01 13:35:00,1900-01-01 13:54:00,Régulier,CEBE01,C8,GLOBE,2025-05-22 13:35:00,2025-05-22 13:34:00,C8 - 4,0.0,6,4
2025-05-24,55 - 22,1900-01-01 06:40:00,1900-01-01 06:59:40,Régulier,CHAV00,55,ODIER,2025-05-24 06:40:00,2025-05-24 06:40:00,55 - 1,0.0,22,1
2025-05-24,55 - 22,1900-01-01 07:11:00,1900-01-01 07:31:40,Régulier,BOSY00,55,ODIER,2025-05-24 07:11:00,2025-05-24 07:11:00,55 - 1,0.0,22,1
2025-05-24,55 - 22,1900-01-01 07:40:00,1900-01-01 08:00:20,Régulier,CHAV00,55,ODIER,2025-05-24 07:40:00,2025-05-24 07:40:00,55 - 1,0.0,22,1
2025-05-24,55 - 22,1900-01-01 08:11:00,1900-01-01 08:32:40,Régulier,BOSY00,55,ODIER,2025-05-24 08:11:00,2025-05-24 08:11:00,55 - 1,0.0,22,1
2025-05-24,55 - 22,1900-01-01 08:40:00,1900-01-01 09:01:00,Régulier,CHAV00,55,ODIER,2025-05-24 08:40:00,2025-05-24 08:40:00,55 - 1,0.0,22,1
2025-05-24,55 - 22,1900-01-01 09:11:00,1900-01-01 09:32:00,Régulier,BOSY00,55,ODIER,2025-05-24 09:11:00,2025-05-24 09:11:00,55 - 1,0.0,22,1
2025-05-24,55 - 22,1900-01-01 09:39:00,1900-01-01 10:00:40,Régulier,CHAV00,55,ODIER,2025-05-24 09:39:00,2025-05-24 09:39:00,55 - 1,0.0,22,1
2025-05-24,55 - 22,1900-01-01 10:10:00,1900-01-01 10:31:40,Régulier,BOSY00,55,ODIER,2025-05-24 10:10:00,2025-05-24 10:10:00,55 - 1,0.0,22,1
2025-05-24,55 - 22,1900-01-01 10:39:00,1900-01-01 11:00:40,Régulier,CHAV00,55,ODIER,2025-05-24 10:39:00,2025-05-24 10:39:00,55 - 1,0.0,22,1
2025-05-24,55 - 22,1900-01-01 11:10:00,1900-01-01 11:32:00,Régulier,BOSY00,55,ODIER,2025-05-24 11:10:00,2025-05-24 11:10:00,55 - 1,0.0,22,1
2025-05-24,55 - 22,1900-01-01 11:39:00,1900-01-01 12:00:40,Régulier,CHAV00,55,ODIER,2025-05-24 11:39:00,2025-05-24 11:39:00,55 - 1,0.0,22,1
2025-05-24,55 - 22,1900-01-01 12:10:20,1900-01-01 12:32:40,Régulier,BOSY00,55,ODIER,2025-05-24 12:10:20,2025-05-24 12:10:00,55 - 1,0.0,22,1
2025-05-24,55 - 22,1900-01-01 12:39:00,1900-01-01 13:01:00,Régulier,CHAV00,55,ODIER,2025-05-24 12:39:00,2025-05-24 12:39:00,55 - 1,0.0,22,1
2025-05-24,55 - 22,1900-01-01 13:10:20,1900-01-01 13:33:00,Régulier,BOSY00,55,ODIER,2025-05-24 13:10:20,2025-05-24 13:10:00,55 - 1,0.0,22,1
2025-05-24,55 - 22,1900-01-01 13:39:00,1900-01-01 14:00:20,Régulier,CHAV00,55,ODIER,2025-05-24 13:39:00,2025-05-24 13:39:00,55 - 1,0.0,22,1
2025-05-24,55 - 22,1900-01-01 14:10:20,1900-01-01 14:33:00,Régulier,BOSY00,55,ODIER,2025-05-24 14:10:20,2025-05-24 14:10:00,55 - 1,0.0,22,1
2025-05-24,55 - 22,1900-01-01 14:39:00,1900-01-01 15:00:40,Régulier,CHAV00,55,ODIER,2025-05-24 14:39:00,2025-05-24 14:39:00,55 - 1,0.0,22,1
2025-05-24,55 - 22,1900-01-01 15:10:00,1900-01-01 15:33:00,Régulier,BOSY00,55,ODIER,2025-05-24 15:10:00,2025-05-24 15:10:00,55 - 1,0.0,22,1
2025-05-24,55 - 22,1900-01-01 15:39:00,1900-01-01 16:01:00,Régulier,CHAV00,55,ODIER,2025-05-24 15:39:00,2025-05-24 15:39:00,55 - 1,0.0,22,1
2025-05-24,55 - 22,1900-01-01 16:10:40,1900-01-01 16:33:20,Régulier,BOSY00,55,ODIER,2025-05-24 16:10:40,2025-05-24 16:10:00,55 - 1,0.0,22,1
2025-05-24,55 - 22,1900-01-01 16:39:00,1900-01-01 17:00:40,Régulier,CHAV00,55,ODIER,2025-05-24 16:39:00,2025-05-24 16:39:00,55 - 1,0.0,22,1
2025-05-24,55 - 22,1900-01-01 17:10:40,1900-01-01 17:33:20,Régulier,BOSY00,55,ODIER,2025-05-24 17:10:40,2025-05-24 17:10:00,55 - 1,0.0,22,1
2025-05-24,55 - 22,1900-01-01 17:39:00,1900-01-01 18:02:00,Régulier,CHAV00,55,ODIER,2025-05-24 17:39:00,2025-05-24 17:39:00,55 - 1,0.0,22,1
2025-05-24,55 - 22,1900-01-01 18:10:00,1900-01-01 18:34:20,Régulier,BOSY00,55,ODIER,2025-05-24 18:10:00,2025-05-24 18:10:00,55 - 1,0.0,22,1
2025-05-24,55 - 22,1900-01-01 18:39:00,1900-01-01 19:00:20,Régulier,CHAV00,55,ODIER,2025-05-24 18:39:00,2025-05-24 18:39:00,55 - 1,0.0,22,1
2025-05-24,55 - 22,1900-01-01 19:10:00,1900-01-01 19:32:20,Régulier,BOSY00,55,ODIER,2025-05-24 19:10:00,2025-05-24 19:10:00,55 - 1,0.0,22,1
2025-05-24,55 - 22,1900-01-01 19:39:00,1900-01-01 20:00:20,Régulier,CHAV00,55,ODIER,2025-05-24 19:39:00,2025-05-24 19:39:00,55 - 1,0.0,22,1
2025-05-24,55 - 22,1900-01-01 20:10:00,1900-01-01 20:32:20,Régulier,BOSY00,55,ODIER,2025-05-24 20:10:00,2025-05-24 20:10:00,55 - 1,0.0,22,1
2025-05-27,80 - 10,1900-01-01 09:03:00,1900-01-01 09:37:20,Régulier,BAIR07,80,GEM’BUS,2025-05-27 09:03:00,2025-05-27 09:08:00,80 - 3,0.0,10,3
2025-05-27,80 - 11,1900-01-01 09:14:00,1900-01-01 09:48:20,Régulier,BAIR07,80,GEM’BUS,2025-05-27 09:14:00,2025-05-27 09:19:00,80 - 12,0.0,11,12
2025-05-28,Az - 35,1900-01-01 13:01:00,1900-01-01 13:26:20,Régulier,PMAR01,33,Genève-Tours,2025-05-28 13:01:00,2025-05-28 13:01:00,33 - 2,0.0,35,2
2025-05-28,60 - 33,1900-01-01 19:13:00,1900-01-01 19:39:40,Régulier,CVIN03,60,Rdta,2025-05-28 19:13:00,2025-05-28 19:17:00,60 - 39,0.0,33,39
2025-06-01,55 - 21,1900-01-01 05:10:00,1900-01-01 05:29:40,Régulier,CHAV00,55,ODIER,2025-06-01 05:10:00,2025-06-01 05:10:00,55 - 1,0.0,21,1
2025-06-01,55 - 21,1900-01-01 05:41:00,1900-01-01 06:01:20,Régulier,BOSY00,55,ODIER,2025-06-01 05:41:00,2025-06-01 05:41:00,55 - 1,0.0,21,1
2025-06-01,55 - 21,1900-01-01 06:10:00,1900-01-01 06:29:40,Régulier,CHAV00,55,ODIER,2025-06-01 06:10:00,2025-06-01 06:10:00,55 - 1,0.0,21,1
2025-06-01,55 - 21,1900-01-01 06:41:00,1900-01-01 07:01:20,Régulier,BOSY00,55,ODIER,2025-06-01 06:41:00,2025-06-01 06:41:00,55 - 1,0.0,21,1
2025-06-01,55 - 21,1900-01-01 07:10:00,1900-01-01 07:29:40,Régulier,CHAV00,55,ODIER,2025-06-01 07:10:00,2025-06-01 07:10:00,55 - 1,0.0,21,1
2025-06-01,55 - 21,1900-01-01 07:41:00,1900-01-01 08:02:00,Régulier,BOSY00,55,ODIER,2025-06-01 07:41:00,2025-06-01 07:41:00,55 - 1,0.0,21,1
2025-06-01,55 - 21,1900-01-01 08:10:00,1900-01-01 08:29:20,Régulier,CHAV00,55,ODIER,2025-06-01 08:10:00,2025-06-01 08:10:00,55 - 1,0.0,21,1
2025-06-01,55 - 21,1900-01-01 08:41:00,1900-01-01 09:02:40,Régulier,BOSY00,55,ODIER,2025-06-01 08:41:00,2025-06-01 08:41:00,55 - 1,0.0,21,1
2025-06-01,55 - 21,1900-01-01 09:10:00,1900-01-01 09:29:20,Régulier,CHAV00,55,ODIER,2025-06-01 09:10:00,2025-06-01 09:10:00,55 - 1,0.0,21,1
2025-06-01,55 - 21,1900-01-01 09:41:00,1900-01-01 10:02:40,Régulier,BOSY00,55,ODIER,2025-06-01 09:41:00,2025-06-01 09:41:00,55 - 1,0.0,21,1
2025-06-01,55 - 21,1900-01-01 10:10:00,1900-01-01 10:30:20,Régulier,CHAV00,55,ODIER,2025-06-01 10:10:00,2025-06-01 10:10:00,55 - 1,0.0,21,1
2025-06-01,55 - 21,1900-01-01 10:41:00,1900-01-01 11:02:40,Régulier,BOSY00,55,ODIER,2025-06-01 10:41:00,2025-06-01 10:41:00,55 - 1,0.0,21,1
2025-06-01,55 - 21,1900-01-01 11:10:00,1900-01-01 11:30:40,Régulier,CHAV00,55,ODIER,2025-06-01 11:10:00,2025-06-01 11:10:00,55 - 1,0.0,21,1
2025-06-01,55 - 21,1900-01-01 11:41:00,1900-01-01 12:03:40,Régulier,BOSY00,55,ODIER,2025-06-01 11:41:00,2025-06-01 11:41:00,55 - 1,0.0,21,1
2025-06-01,55 - 21,1900-01-01 12:10:00,1900-01-01 12:30:40,Régulier,CHAV00,55,ODIER,2025-06-01 12:10:00,2025-06-01 12:10:00,55 - 1,0.0,21,1
2025-06-01,55 - 21,1900-01-01 12:41:00,1900-01-01 13:03:20,Régulier,BOSY00,55,ODIER,2025-06-01 12:41:00,2025-06-01 12:41:00,55 - 1,0.0,21,1
2025-06-01,55 - 21,1900-01-01 13:10:00,1900-01-01 13:31:00,Régulier,CHAV00,55,ODIER,2025-06-01 13:10:00,2025-06-01 13:10:00,55 - 1,0.0,21,1
2025-06-01,55 - 21,1900-01-01 13:41:00,1900-01-01 14:03:00,Régulier,BOSY00,55,ODIER,2025-06-01 13:41:00,2025-06-01 13:41:00,55 - 1,0.0,21,1
2025-06-01,55 - 21,1900-01-01 14:10:00,1900-01-01 14:31:00,Régulier,CHAV00,55,ODIER,2025-06-01 14:10:00,2025-06-01 14:10:00,55 - 1,0.0,21,1
2025-06-01,55 - 21,1900-01-01 14:41:00,1900-01-01 15:03:20,Régulier,BOSY00,55,ODIER,2025-06-01 14:41:00,2025-06-01 14:41:00,55 - 1,0.0,21,1
2025-06-01,55 - 21,1900-01-01 15:10:00,1900-01-01 15:31:00,Régulier,CHAV00,55,ODIER,2025-06-01 15:10:00,2025-06-01 15:10:00,55 - 1,0.0,21,1
2025-06-01,55 - 21,1900-01-01 15:41:00,1900-01-01 16:03:40,Régulier,BOSY00,55,ODIER,2025-06-01 15:41:00,2025-06-01 15:41:00,55 - 1,0.0,21,1
2025-06-01,55 - 21,1900-01-01 16:10:00,1900-01-01 16:31:40,Régulier,CHAV00,55,ODIER,2025-06-01 16:10:00,2025-06-01 16:10:00,55 - 1,0.0,21,1
2025-06-01,55 - 21,1900-01-01 16:41:00,1900-01-01 17:03:40,Régulier,BOSY00,55,ODIER,2025-06-01 16:41:00,2025-06-01 16:41:00,55 - 1,0.0,21,1
2025-06-01,55 - 21,1900-01-01 17:10:00,1900-01-01 17:31:40,Régulier,CHAV00,55,ODIER,2025-06-01 17:10:00,2025-06-01 17:10:00,55 - 1,0.0,21,1
2025-06-01,55 - 21,1900-01-01 17:41:00,1900-01-01 18:03:00,Régulier,BOSY00,55,ODIER,2025-06-01 17:41:00,2025-06-01 17:41:00,55 - 1,0.0,21,1
2025-06-01,55 - 21,1900-01-01 18:10:00,1900-01-01 18:31:20,Régulier,CHAV00,55,ODIER,2025-06-01 18:10:00,2025-06-01 18:10:00,55 - 1,0.0,21,1
2025-06-01,55 - 21,1900-01-01 18:41:00,1900-01-01 19:03:00,Régulier,BOSY00,55,ODIER,2025-06-01 18:41:00,2025-06-01 18:41:00,55 - 1,0.0,21,1
2025-06-01,55 - 21,1900-01-01 19:10:00,1900-01-01 19:30:40,Régulier,CHAV00,55,ODIER,2025-06-01 19:10:00,2025-06-01 19:10:00,55 - 1,0.0,21,1
2025-06-01,55 - 21,1900-01-01 19:41:00,1900-01-01 20:03:00,Régulier,BOSY00,55,ODIER,2025-06-01 19:41:00,2025-06-01 19:41:00,55 - 1,0.0,21,1
2025-06-01,55 - 21,1900-01-01 20:10:00,1900-01-01 20:31:00,Régulier,CHAV00,55,ODIER,2025-06-01 20:10:00,2025-06-01 20:10:00,55 - 1,0.0,21,1
2025-06-01,55 - 21,1900-01-01 20:41:00,1900-01-01 21:03:40,Régulier,BOSY00,55,ODIER,2025-06-01 20:41:00,2025-06-01 20:41:00,55 - 1,0.0,21,1
2025-06-01,55 - 21,1900-01-01 21:10:00,1900-01-01 21:31:40,Régulier,CHAV00,55,ODIER,2025-06-01 21:10:00,2025-06-01 21:10:00,55 - 1,0.0,21,1
2025-06-01,55 - 21,1900-01-01 21:41:00,1900-01-01 22:01:20,Régulier,BOSY00,55,ODIER,2025-06-01 21:41:00,2025-06-01 21:41:00,55 - 1,0.0,21,1
2025-06-01,55 - 21,1900-01-01 22:10:00,1900-01-01 22:31:40,Régulier,CHAV00,55,ODIER,2025-06-01 22:10:00,2025-06-01 22:10:00,55 - 1,0.0,21,1
2025-06-01,55 - 21,1900-01-01 22:41:00,1900-01-01 23:01:40,Régulier,BOSY00,55,ODIER,2025-06-01 22:41:00,2025-06-01 22:41:00,55 - 1,0.0,21,1
2025-06-01,55 - 21,1900-01-01 23:10:00,1900-01-01 23:32:00,Régulier,CHAV00,55,ODIER,2025-06-01 23:10:00,2025-06-01 23:10:00,55 - 1,0.0,21,1
2025-06-01,55 - 21,1900-01-01 23:41:00,,Régulier,BOSY00,55,ODIER,2025-06-01 23:41:00,2025-06-01 23:41:00,55 - 1,0.0,21,1
2025-06-04,60 - 9,1900-01-01 07:28:00,1900-01-01 08:19:00,Régulier,CVIN03,60,Rdta,2025-06-04 07:28:00,2025-06-04 07:33:00,60 - 10,0.0,9,10
2025-06-04,38 - 55,1900-01-01 16:16:00,1900-01-01 16:44:20,Régulier,RIVE04,33,Genève-Tours,2025-06-04 16:16:00,2025-06-04 16:16:00,33 - 2,0.0,55,2
2025-06-04,38 - 55,1900-01-01 16:44:40,1900-01-01 17:07:40,Régulier,PMAR00,31,Genève-Tours,2025-06-04 16:44:40,2025-06-04 16:44:00,31 - 2,0.0,55,2
2025-06-04,38 - 55,1900-01-01 17:19:40,1900-01-01 17:43:20,Régulier,PRSM00,31,Genève-Tours,2025-06-04 17:19:40,2025-06-04 17:19:00,31 - 2,0.0,55,2
2025-06-04,38 - 55,1900-01-01 17:43:40,1900-01-01 18:09:20,Régulier,PMAR01,33,Genève-Tours,2025-06-04 17:43:40,2025-06-04 17:43:00,33 - 2,0.0,55,2
2025-06-04,38 - 55,1900-01-01 18:16:40,1900-01-01 18:45:40,Régulier,RIVE04,33,Genève-Tours,2025-06-04 18:16:40,2025-06-04 18:16:00,33 - 2,0.0,55,2
2025-06-04,38 - 55,1900-01-01 18:46:20,1900-01-01 19:05:20,Régulier,PMAR00,31,Genève-Tours,2025-06-04 18:46:20,2025-06-04 18:46:00,31 - 2,0.0,55,2
2025-06-04,60 - 43,1900-01-01 19:03:20,1900-01-01 19:53:40,Régulier,GXAI01,60,Rdta,2025-06-04 19:03:20,2025-06-04 19:03:00,60 - 56,0.0,43,56
2025-06-04,60 - 43,1900-01-01 20:06:00,1900-01-01 20:31:40,Régulier,CVIN03,60,Rdta,2025-06-04 20:06:00,2025-06-04 20:06:00,60 - 56,0.0,43,56
2025-06-05,C8 - 6,1900-01-01 13:35:00,1900-01-01 13:54:00,Régulier,CEBE01,C8,GLOBE,2025-06-05 13:35:00,2025-06-05 13:34:00,C8 - 4,0.0,6,4
2025-06-06,C8 - 6,1900-01-01 13:35:00,1900-01-01 13:54:00,Régulier,CEBE01,C8,GLOBE,2025-06-06 13:35:00,2025-06-06 13:34:00,C8 - 4,0.0,6,4
2025-06-09,48z - 56,1900-01-01 12:11:00,1900-01-01 12:29:40,Régulier,ZIPL02,48,ODIER,2025-06-09 12:11:00,2025-06-09 12:11:00,48 - 1,0.0,56,1
2025-06-09,48z - 56,1900-01-01 12:30:00,1900-01-01 12:42:00,Régulier,CRCO05,47,ODIER,2025-06-09 12:30:00,2025-06-09 12:30:00,47 - 1,0.0,56,1
2025-06-09,48z - 56,1900-01-01 12:54:00,1900-01-01 13:05:20,Régulier,LULY00,47,ODIER,2025-06-09 12:54:00,2025-06-09 12:54:00,47 - 1,0.0,56,1
2025-06-09,48z - 56,1900-01-01 13:06:00,1900-01-01 13:27:00,Régulier,CRCO02,48,ODIER,2025-06-09 13:06:00,2025-06-09 13:06:00,48 - 1,0.0,56,1
2025-06-09,48z - 56,1900-01-01 13:41:00,1900-01-01 13:59:40,Régulier,ZIPL02,48,ODIER,2025-06-09 13:41:00,2025-06-09 13:41:00,48 - 1,0.0,56,1
2025-06-09,48z - 56,1900-01-01 14:00:00,1900-01-01 14:12:00,Régulier,CRCO05,47,ODIER,2025-06-09 14:00:00,2025-06-09 14:00:00,47 - 1,0.0,56,1
2025-06-09,48z - 56,1900-01-01 14:24:00,1900-01-01 14:35:20,Régulier,LULY00,47,ODIER,2025-06-09 14:24:00,2025-06-09 14:24:00,47 - 1,0.0,56,1
2025-06-09,48z - 56,1900-01-01 14:36:00,1900-01-01 14:57:00,Régulier,CRCO02,48,ODIER,2025-06-09 14:36:00,2025-06-09 14:36:00,48 - 1,0.0,56,1
2025-06-09,48z - 56,1900-01-01 15:10:00,1900-01-01 15:29:00,Régulier,ZIPL02,48,ODIER,2025-06-09 15:10:00,2025-06-09 15:10:00,48 - 1,0.0,56,1
2025-06-09,48z - 56,1900-01-01 15:30:00,1900-01-01 15:42:20,Régulier,CRCO05,47,ODIER,2025-06-09 15:30:00,2025-06-09 15:30:00,47 - 1,0.0,56,1
2025-06-09,48z - 56,1900-01-01 15:54:00,1900-01-01 16:05:40,Régulier,LULY00,47,ODIER,2025-06-09 15:54:00,2025-06-09 15:54:00,47 - 1,0.0,56,1
2025-06-09,48z - 56,1900-01-01 16:06:00,1900-01-01 16:27:00,Régulier,CRCO02,48,ODIER,2025-06-09 16:06:00,2025-06-09 16:06:00,48 - 1,0.0,56,1
2025-06-10,60 - 4,1900-01-01 07:55:00,1900-01-01 08:47:20,Régulier,CVIN03,60,Rdta,2025-06-10 07:55:00,2025-06-10 08:00:00,60 - 13,0.0,4,13
2025-06-10,C8 - 8,1900-01-01 16:42:00,1900-01-01 17:03:00,Régulier,CREN01,C8,GLOBE,2025-06-10 16:42:00,2025-06-10 16:41:00,C8 - 7,0.0,8,7
2025-06-11,80 - 11,1900-01-01 06:54:00,1900-01-01 07:35:00,Régulier,SJSN04,80,GEM’BUS,2025-06-11 06:54:00,2025-06-11 06:59:00,80 - 12,0.0,11,12
2025-06-11,80 - 11,1900-01-01 09:14:00,1900-01-01 09:48:20,Régulier,BAIR07,80,GEM’BUS,2025-06-11 09:14:00,2025-06-11 09:19:00,80 - 12,0.0,11,12
2025-06-12,80 - 8,1900-01-01 06:24:00,1900-01-01 07:00:40,Régulier,SJSN04,80,GEM’BUS,2025-06-12 06:24:00,2025-06-12 06:19:00,80 - 7,0.0,8,7
2025-06-13,80 - 11,1900-01-01 06:54:00,1900-01-01 07:35:00,Régulier,SJSN04,80,GEM’BUS,2025-06-13 06:54:00,2025-06-13 06:59:00,80 - 12,0.0,11,12
2025-06-13,80 - 11,1900-01-01 09:14:00,1900-01-01 09:48:20,Régulier,BAIR07,80,GEM’BUS,2025-06-13 09:14:00,2025-06-13 09:19:00,80 - 12,0.0,11,12
2025-06-13,60 - 33,1900-01-01 19:13:00,1900-01-01 19:39:40,Régulier,CVIN03,60,Rdta,2025-06-13 19:13:00,2025-06-13 19:17:00,60 - 39,0.0,33,39
2025-06-16,60 - 9,1900-01-01 07:28:00,1900-01-01 08:19:00,Régulier,CVIN03,60,Rdta,2025-06-16 07:28:00,2025-06-16 07:33:00,60 - 10,0.0,9,10
2025-06-16,80 - 21,1900-01-01 16:07:00,1900-01-01 16:46:00,Régulier,SJSN04,80,GEM’BUS,2025-06-16 16:07:00,2025-06-16 16:02:00,80 - 5,0.0,21,5
2025-06-17,80 - 11,1900-01-01 06:54:00,1900-01-01 07:35:00,Régulier,SJSN04,80,GEM’BUS,2025-06-17 06:54:00,2025-06-17 06:59:00,80 - 12,0.0,11,12
2025-06-17,80 - 11,1900-01-01 09:14:00,1900-01-01 09:48:20,Régulier,BAIR07,80,GEM’BUS,2025-06-17 09:14:00,2025-06-17 09:19:00,80 - 12,0.0,11,12
2025-06-17,C8 - 3,1900-01-01 12:02:00,1900-01-01 12:21:40,Régulier,CREN01,C8,GLOBE,2025-06-17 12:02:00,2025-06-17 12:01:00,C8 - 4,0.0,3,4
2025-06-17,C8 - 6,1900-01-01 13:35:00,1900-01-01 13:54:00,Régulier,CEBE01,C8,GLOBE,2025-06-17 13:35:00,2025-06-17 13:34:00,C8 - 4,0.0,6,4
2025-06-18,80 - 12,1900-01-01 06:59:00,1900-01-01 07:40:00,Régulier,SJSN04,80,GEM’BUS,2025-06-18 06:59:00,2025-06-18 06:54:00,80 - 11,0.0,12,11
2025-06-18,80 - 12,1900-01-01 18:18:00,1900-01-01 18:57:40,Régulier,BAIR07,80,GEM’BUS,2025-06-18 18:18:00,2025-06-18 18:13:00,80 - 19,0.0,12,19
2025-06-19,80 - 12,1900-01-01 06:59:00,1900-01-01 07:40:00,Régulier,SJSN04,80,GEM’BUS,2025-06-19 06:59:00,2025-06-19 06:54:00,80 - 11,0.0,12,11
2025-06-19,80 - 12,1900-01-01 18:18:00,1900-01-01 18:57:40,Régulier,BAIR07,80,GEM’BUS,2025-06-19 18:18:00,2025-06-19 18:13:00,80 - 19,0.0,12,19
2025-06-20,80 - 12,1900-01-01 06:59:00,1900-01-01 07:40:00,Régulier,SJSN04,80,GEM’BUS,2025-06-20 06:59:00,2025-06-20 06:54:00,80 - 11,0.0,12,11
2025-06-20,80 - 13,1900-01-01 07:18:00,1900-01-01 08:01:40,Régulier,SJSN04,80,GEM’BUS,2025-06-20 07:18:00,2025-06-20 07:13:00,80 - 5,0.0,13,5
2025-06-21,33 - 9,1900-01-01 07:44:00,1900-01-01 08:05:40,Régulier,PMAR01,33,Genève-Tours,2025-06-21 07:44:00,2025-06-21 07:44:00,33 - 1,0.0,9,1
2025-06-21,33 - 9,1900-01-01 08:33:00,1900-01-01 08:57:00,Régulier,RIVE04,33,Genève-Tours,2025-06-21 08:33:00,2025-06-21 08:33:00,33 - 1,0.0,9,1
2025-06-21,33 - 9,1900-01-01 08:58:00,1900-01-01 09:16:00,Régulier,PMAR00,31,Genève-Tours,2025-06-21 08:58:00,2025-06-21 08:58:00,31 - 1,0.0,9,1
2025-06-21,33 - 9,1900-01-01 09:24:00,1900-01-01 09:42:20,Régulier,PRSM00,31,Genève-Tours,2025-06-21 09:24:00,2025-06-21 09:24:00,31 - 1,0.0,9,1
2025-06-23,80 - 11,1900-01-01 06:54:00,1900-01-01 07:35:00,Régulier,SJSN04,80,GEM’BUS,2025-06-23 06:54:00,2025-06-23 06:59:00,80 - 12,0.0,11,12
2025-06-23,80 - 9,1900-01-01 08:57:00,1900-01-01 09:31:20,Régulier,BAIR07,80,GEM’BUS,2025-06-23 08:57:00,2025-06-23 09:00:00,80 - 8,0.0,9,8
2025-06-23,80 - 11,1900-01-01 09:14:00,1900-01-01 09:48:20,Régulier,BAIR07,80,GEM’BUS,2025-06-23 09:14:00,2025-06-23 09:14:00,80 - 9,0.0,11,9
2025-06-23,L - 32,1900-01-01 13:02:00,1900-01-01 13:26:00,Régulier,ATEC02,L,ODIER,2025-06-23 13:02:00,2025-06-23 13:04:00,L - 7,0.0,32,7
2025-06-24,80 - 12,1900-01-01 06:59:00,1900-01-01 07:40:00,Régulier,SJSN04,80,GEM’BUS,2025-06-24 06:59:00,2025-06-24 06:54:00,80 - 11,0.0,12,11
2025-06-24,L - 32,1900-01-01 13:02:00,1900-01-01 13:26:00,Régulier,ATEC02,L,ODIER,2025-06-24 13:02:00,2025-06-24 13:04:00,L - 7,0.0,32,7
2025-06-24,80 - 12,1900-01-01 18:18:00,1900-01-01 18:57:40,Régulier,BAIR07,80,GEM’BUS,2025-06-24 18:18:00,2025-06-24 18:13:00,80 - 19,0.0,12,19
2025-06-25,80 - 7,1900-01-01 06:19:00,1900-01-01 06:54:40,Régulier,SJSN04,80,GEM’BUS,2025-06-25 06:19:00,2025-06-25 06:24:00,80 - 8,0.0,7,8
2025-06-25,80 - 11,1900-01-01 06:54:00,1900-01-01 07:35:00,Régulier,SJSN04,80,GEM’BUS,2025-06-25 06:54:00,2025-06-25 06:59:00,80 - 12,0.0,11,12
2025-06-25,60 - 9,1900-01-01 07:28:00,1900-01-01 08:19:00,Régulier,CVIN03,60,Rdta,2025-06-25 07:28:00,2025-06-25 07:33:00,60 - 10,0.0,9,10
2025-06-25,80 - 11,1900-01-01 09:14:00,1900-01-01 09:48:20,Régulier,BAIR07,80,GEM’BUS,2025-06-25 09:14:00,2025-06-25 09:19:00,80 - 12,0.0,11,12
2025-06-25,80 - 19,1900-01-01 18:13:00,1900-01-01 18:52:40,Régulier,BAIR07,80,GEM’BUS,2025-06-25 18:13:00,2025-06-25 18:18:00,80 - 12,0.0,19,12
